"","Qtr","FY","ii_tax_predict","sales_tax_predict"
"1",3,2022,1811.09685101435,2361.85682378699
"2",4,2022,1763.03869112794,2354.00720082804
"3",1,2023,2038.30174760639,2538.13055942112
"4",2,2023,1990.24358771998,2530.28093646217
"5",3,2023,1942.18542783358,2522.43131350322
"6",4,2023,1894.12726794717,2514.58169054427
