"","Qtr","FY","ii_tax_predict","sales_tax_predict"
"1",3,2022,1811.09685101435,2272.46310578791
"2",4,2022,1763.03869112794,2258.64283649996
"3",1,2023,2038.30174760639,2397.43806601342
"4",2,2023,1990.24358771998,2383.61779672547
"5",3,2023,1942.18542783358,2369.79752743753
"6",4,2023,1894.12726794717,2355.97725814958
